{"cameraMode":{"drawMode":0,"name":"Shaded","section":"Shading Mode"},"sceneLighting":true,"audioPlay":false,"sceneViewState":{"showFog":true,"showMaterialUpdate":false,"showSkybox":true,"showFlares":true,"showImageEffects":true,"showParticleSystems":true},"in2DMode":false,"pivot":{"x":2.905992031097412,"y":1.270106315612793,"z":-1.2435150146484376},"rotation":{"x":-0.06320153921842575,"y":0.9107175469398499,"z":-0.15193694829940797,"w":-0.3788328766822815},"size":48.93410110473633,"orthographic":false}